{"$schema":"http://schema.management.azure.com/schemas/2015-01-01/deploymentTemplate.json#","contentVersion":"1.0.0.0","parameters":{"factoryName":{"type":"string","metadata":"Data Factory name"},"ls_adls_irvnetmedium":{"type":"string"}},"variables":{"factoryId":"[concat('Microsoft.DataFactory/factories/', parameters('factoryName'))]"},"resources":[{"name":"[concat(parameters('factoryName'), '/pl_medallion_consumption')]","type":"Microsoft.DataFactory/factories/pipelines","apiVersion":"2018-06-01","properties":{"description":"Example consumption of gold data","activities":[{"name":"Run consumption data flow","type":"ExecuteDataFlow","dependsOn":[],"policy":{"timeout":"0.00:30:00","retry":0,"retryIntervalInSeconds":30,"secureOutput":false,"secureInput":false},"userProperties":[],"typeProperties":{"dataflow":{"referenceName":"df_medallion_consumption","type":"DataFlowReference","parameters":{},"datasetParameters":{"gold":{},"sink":{}}},"staging":{},"integrationRuntime":{"referenceName":"ir-vnetwork-medium-60min","type":"IntegrationRuntimeReference"},"traceLevel":"None","cacheSinks":{"firstRowOnly":true}}}],"policy":{"elapsedTimeMetric":{},"cancelAfter":{}},"annotations":[]},"dependsOn":["[concat(variables('factoryId'), '/dataflows/df_medallion_consumption')]"]},{"name":"[concat(parameters('factoryName'), '/df_medallion_consumption')]","type":"Microsoft.DataFactory/factories/dataflows","apiVersion":"2018-06-01","properties":{"description":"Create example consumption file","type":"MappingDataFlow","typeProperties":{"sources":[{"linkedService":{"referenceName":"[parameters('ls_adls_irvnetmedium')]","type":"LinkedServiceReference"},"name":"gold","description":"Gold layer data (Delta format)"}],"sinks":[{"linkedService":{"referenceName":"[parameters('ls_adls_irvnetmedium')]","type":"LinkedServiceReference"},"name":"sink","description":"Sink employee aggregates by region CSV."}],"transformations":[{"name":"aggregateByRegion","description":"Aggregating data by Region"}],"scriptLines":["source(output(","          EmpID as long,","          MaskedEMail as string,","          Gender as string,","          WeightinKgs as long,","          QuarterofJoining as string,","          HalfofJoining as string,","          YearofJoining as long,","          MonthofJoining as long,","          MonthNameofJoining as string,","          ShortMonth as string,","          DOWofJoining as string,","          ShortDOW as string,","          Salary as long,","          LastHike as float,","          County as string,","          State as string,","          Zip as long,","          Region as string,","          DateofBirthCalculatedAgeBand as string,","          DateofJoiningCalculatedAgeBand as string,","          SourceFilename as string","     ),","     allowSchemaDrift: true,","     validateSchema: false,","     ignoreNoFilesFound: false,","     format: 'delta',","     compressionType: 'snappy',","     compressionLevel: 'Fastest',","     fileSystem: 'publish',","     folderPath: 'employees_gold_general') ~> gold","gold aggregate(groupBy(Region),","     MaxLongetivity = year(currentDate()) - min(YearofJoining),","          MinLongetivity = year(currentDate()) - max(YearofJoining),","          MedianLongetivity = avg((year(currentDate()) - (YearofJoining)))) ~> aggregateByRegion","aggregateByRegion sink(allowSchemaDrift: true,","     validateSchema: false,","     format: 'delimited',","     fileSystem: 'publish',","     folderPath: 'employees_project_a',","     truncate: true,","     columnDelimiter: ',',","     escapeChar: '\\\\',","     quoteChar: '\\\"',","     columnNamesAsHeader: true,","     umask: 0771,","     preCommands: [],","     postCommands: [],","     skipDuplicateMapInputs: true,","     skipDuplicateMapOutputs: true,","     quoteAll: true,","     partitionBy('hash', 1)) ~> sink"]}},"dependsOn":[]},{"name":"[concat(parameters('factoryName'), '/default')]","type":"Microsoft.DataFactory/factories/managedVirtualNetworks","apiVersion":"2018-06-01","properties":{},"dependsOn":[]}]}