{"$schema":"http://schema.management.azure.com/schemas/2015-01-01/deploymentTemplate.json#","contentVersion":"1.0.0.0","parameters":{"factoryName":{"type":"string","metadata":"Data Factory name"},"ls_adls_irvnetmedium":{"type":"string"}},"variables":{"factoryId":"[concat('Microsoft.DataFactory/factories/', parameters('factoryName'))]"},"resources":[{"name":"[concat(parameters('factoryName'), '/pl_troubleshooting4')]","type":"Microsoft.DataFactory/factories/pipelines","apiVersion":"2018-06-01","properties":{"description":"Simulates a data flow failure","activities":[{"name":"Data flow","type":"ExecuteDataFlow","dependsOn":[],"policy":{"timeout":"0.12:00:00","retry":0,"retryIntervalInSeconds":30,"secureOutput":false,"secureInput":false},"userProperties":[],"typeProperties":{"dataflow":{"referenceName":"df_simulate_error","type":"DataFlowReference","parameters":{},"datasetParameters":{"source1":{},"sink1":{}}},"staging":{},"compute":{"coreCount":8,"computeType":"General"},"traceLevel":"Fine"}},{"name":"Fail","type":"Fail","dependsOn":[{"activity":"Data flow","dependencyConditions":["Failed"]}],"userProperties":[],"typeProperties":{"message":"My custom data flow failure message","errorCode":"30"}}],"policy":{"elapsedTimeMetric":{},"cancelAfter":{}},"annotations":[]},"dependsOn":["[concat(variables('factoryId'), '/dataflows/df_simulate_error')]"]},{"name":"[concat(parameters('factoryName'), '/df_simulate_error')]","type":"Microsoft.DataFactory/factories/dataflows","apiVersion":"2018-06-01","properties":{"type":"MappingDataFlow","typeProperties":{"sources":[{"linkedService":{"referenceName":"[parameters('ls_adls_irvnetmedium')]","type":"LinkedServiceReference"},"name":"source1"}],"sinks":[{"name":"sink1"}],"transformations":[],"scriptLines":["source(useSchema: false,","     allowSchemaDrift: true,","     validateSchema: false,","     ignoreNoFilesFound: false,","     format: 'delimited',","     fileSystem: 'Bad',","     folderPath: 'bad',","     columnDelimiter: ',',","     escapeChar: '\\\\',","     quoteChar: '\\\"',","     columnNamesAsHeader: false) ~> source1","source1 sink(validateSchema: false,","     skipDuplicateMapInputs: true,","     skipDuplicateMapOutputs: true,","     store: 'cache',","     format: 'inline',","     output: false,","     saveOrder: 1) ~> sink1"]}},"dependsOn":[]},{"name":"[concat(parameters('factoryName'), '/default')]","type":"Microsoft.DataFactory/factories/managedVirtualNetworks","apiVersion":"2018-06-01","properties":{},"dependsOn":[]}]}