{"$schema":"http://schema.management.azure.com/schemas/2015-01-01/deploymentTemplate.json#","contentVersion":"1.0.0.0","parameters":{"factoryName":{"type":"string","metadata":"Data Factory name"},"ls_azuresql_irvnetmedium":{"type":"string"}},"variables":{"factoryId":"[concat('Microsoft.DataFactory/factories/', parameters('factoryName'))]"},"resources":[{"name":"[concat(parameters('factoryName'), '/Slowly-Changing-Dimension')]","type":"Microsoft.DataFactory/factories/pipelines","apiVersion":"2018-06-01","properties":{"activities":[{"name":"SCD2","type":"ExecuteDataFlow","dependsOn":[],"policy":{"timeout":"0.12:00:00","retry":0,"retryIntervalInSeconds":30,"secureOutput":false,"secureInput":false},"userProperties":[],"typeProperties":{"dataflow":{"referenceName":"SCD2","type":"DataFlowReference","parameters":{},"datasetParameters":{"vCustomerAdamsSource":{},"DimCustomerAdamsSCD2":{},"UpdateSink":{},"InsertSink":{}}},"staging":{},"integrationRuntime":{"referenceName":"ir-vnetwork-medium-60min","type":"IntegrationRuntimeReference"},"traceLevel":"Fine"}},{"name":"SCD1","type":"ExecuteDataFlow","dependsOn":[],"policy":{"timeout":"0.12:00:00","retry":0,"retryIntervalInSeconds":30,"secureOutput":false,"secureInput":false},"userProperties":[],"typeProperties":{"dataflow":{"referenceName":"SCD1","type":"DataFlowReference","parameters":{},"datasetParameters":{"vCustomerAdamsSource":{},"DimCustomerAdamsSCD1":{}}},"staging":{},"integrationRuntime":{"referenceName":"ir-vnetwork-medium-60min","type":"IntegrationRuntimeReference"},"traceLevel":"Coarse"}}],"policy":{"elapsedTimeMetric":{},"cancelAfter":{}},"annotations":[],"lastPublishTime":"2023-06-30T23:59:54Z"},"dependsOn":["[concat(variables('factoryId'), '/dataflows/SCD2')]","[concat(variables('factoryId'), '/dataflows/SCD1')]"]},{"name":"[concat(parameters('factoryName'), '/SCD2')]","type":"Microsoft.DataFactory/factories/dataflows","apiVersion":"2018-06-01","properties":{"type":"MappingDataFlow","typeProperties":{"sources":[{"dataset":{"referenceName":"SQL_Source","type":"DatasetReference"},"name":"vCustomerAdamsSource"},{"dataset":{"referenceName":"SQL_Target_SCD2","type":"DatasetReference"},"name":"DimCustomerAdamsSCD2"}],"sinks":[{"dataset":{"referenceName":"SQL_Target_SCD2","type":"DatasetReference"},"name":"UpdateSink"},{"dataset":{"referenceName":"SQL_Target_SCD2","type":"DatasetReference"},"name":"InsertSink"}],"transformations":[{"name":"AddHashExistingData","description":"Add a hash column for changable attributes: Title, FirstName, Lastname, CompanyName, City, CountryRegion, EmailAddress and Phone"},{"name":"RenameColumns"},{"name":"AddHashNewData"},{"name":"lookup"},{"name":"SplitCustomers"},{"name":"SplitHash"},{"name":"InsertToNewRows"},{"name":"UpdateExistingRows"},{"name":"UpdatedColumns"},{"name":"UpdateRows"},{"name":"union"},{"name":"RemoveColumns"},{"name":"AddColumns"},{"name":"InsertRows"}],"scriptLines":["source(output(","          CustomerID as integer,","          Title as string,","          FirstName as string,","          Lastname as string,","          CompanyName as string,","          City as string,","          CountryRegion as string,","          EmailAddress as string,","          Phone as string","     ),","     allowSchemaDrift: true,","     validateSchema: false,","     isolationLevel: 'READ_UNCOMMITTED',","     format: 'table') ~> vCustomerAdamsSource","source(output(","          CustomerID as integer,","          Title as string,","          FirstName as string,","          Lastname as string,","          CompanyName as string,","          City as string,","          CountryRegion as string,","          EmailAddress as string,","          Phone as string,","          IsActive as boolean,","          ValidFrom as timestamp,","          ValidTo as timestamp,","          LastUpdated as timestamp","     ),","     allowSchemaDrift: true,","     validateSchema: false,","     isolationLevel: 'READ_UNCOMMITTED',","     query: 'SELECT [CustomerID]\\n      ,[Title]\\n      ,[FirstName]\\n      ,[Lastname]\\n      ,[CompanyName]\\n      ,[City]\\n      ,[CountryRegion]\\n      ,[EmailAddress]\\n      ,[Phone]\\n      ,[IsActive]\\n      ,[ValidFrom]\\n      ,[ValidTo]\\n      ,[LastUpdated]\\n  FROM [SalesLT].[DimCustomerAdams_SCD2]\\n  WHERE IsActive = 1\\n',","     format: 'query') ~> DimCustomerAdamsSCD2","DimCustomerAdamsSCD2 derive(Hash = sha2(256, Title,FirstName,Lastname,CompanyName,City,CountryRegion,EmailAddress,Phone)) ~> AddHashExistingData","AddHashExistingData select(mapColumn(","          CustomerID_Exists = CustomerID,","          IsActive,","          ValidFrom,","          ValidTo,","          LastUpdated,","          Hash_Exists = Hash","     ),","     skipDuplicateMapInputs: true,","     skipDuplicateMapOutputs: true) ~> RenameColumns","vCustomerAdamsSource derive(Hash = sha2(256, Title,FirstName,Lastname,CompanyName,City,CountryRegion,EmailAddress,Phone)) ~> AddHashNewData","AddHashNewData, RenameColumns lookup(CustomerID == CustomerID_Exists,","     multiple: true,","     broadcast: 'auto')~> lookup","lookup split(isNull(IsActive),","     disjoint: false) ~> SplitCustomers@(NewRecords, ExistingRecords)","SplitCustomers@ExistingRecords split(Hash!=Hash_Exists,","     disjoint: false) ~> SplitHash@(AttrChanged, AttrNotChanged)","SplitHash@AttrChanged select(mapColumn(","          CustomerID,","          Title,","          FirstName,","          Lastname,","          CompanyName,","          City,","          CountryRegion,","          EmailAddress,","          Phone","     ),","     skipDuplicateMapInputs: true,","     skipDuplicateMapOutputs: true) ~> InsertToNewRows","SplitHash@AttrChanged select(mapColumn(","          CustomerID","     ),","     skipDuplicateMapInputs: true,","     skipDuplicateMapOutputs: true) ~> UpdateExistingRows","UpdateExistingRows derive(IsActive = false(),","          ValidTo = currentTimestamp(),","          LastUpdated = currentTimestamp()) ~> UpdatedColumns","UpdatedColumns alterRow(updateIf(true())) ~> UpdateRows","SplitCustomers@NewRecords, InsertToNewRows union(byName: true)~> union","union select(mapColumn(","          CustomerID,","          Title,","          FirstName,","          Lastname,","          CompanyName,","          City,","          CountryRegion,","          EmailAddress,","          Phone","     ),","     skipDuplicateMapInputs: true,","     skipDuplicateMapOutputs: true) ~> RemoveColumns","RemoveColumns derive(IsActive = true(),","          ValidFrom = currentTimestamp(),","          ValidTo = toTimestamp('9999-12-31 00:00:00'),","          LastUpdated = currentTimestamp()) ~> AddColumns","AddColumns alterRow(insertIf(true())) ~> InsertRows","UpdateRows sink(allowSchemaDrift: true,","     validateSchema: false,","     input(","          SID_CustomerAdams as integer,","          CustomerID as integer,","          Title as string,","          FirstName as string,","          Lastname as string,","          CompanyName as string,","          City as string,","          CountryRegion as string,","          EmailAddress as string,","          Phone as string,","          IsActive as boolean,","          ValidFrom as timestamp,","          ValidTo as timestamp,","          LastUpdated as timestamp","     ),","     deletable:false,","     insertable:false,","     updateable:true,","     upsertable:false,","     keys:['CustomerID'],","     format: 'table',","     skipDuplicateMapInputs: true,","     skipDuplicateMapOutputs: true,","     saveOrder: 1,","     errorHandlingOption: 'stopOnFirstError') ~> UpdateSink","InsertRows sink(allowSchemaDrift: true,","     validateSchema: false,","     input(","          SID_CustomerAdams as integer,","          CustomerID as integer,","          Title as string,","          FirstName as string,","          Lastname as string,","          CompanyName as string,","          City as string,","          CountryRegion as string,","          EmailAddress as string,","          Phone as string,","          IsActive as boolean,","          ValidFrom as timestamp,","          ValidTo as timestamp,","          LastUpdated as timestamp","     ),","     deletable:false,","     insertable:true,","     updateable:false,","     upsertable:false,","     format: 'table',","     skipDuplicateMapInputs: true,","     skipDuplicateMapOutputs: true,","     saveOrder: 2,","     errorHandlingOption: 'stopOnFirstError') ~> InsertSink"]}},"dependsOn":["[concat(variables('factoryId'), '/datasets/SQL_Source')]","[concat(variables('factoryId'), '/datasets/SQL_Target_SCD2')]"]},{"name":"[concat(parameters('factoryName'), '/SCD1')]","type":"Microsoft.DataFactory/factories/dataflows","apiVersion":"2018-06-01","properties":{"type":"MappingDataFlow","typeProperties":{"sources":[{"dataset":{"referenceName":"SQL_Source","type":"DatasetReference"},"name":"vCustomerAdamsSource"}],"sinks":[{"dataset":{"referenceName":"SQL_Target_SCD1","type":"DatasetReference"},"name":"DimCustomerAdamsSCD1","description":"Upsert to target table"}],"transformations":[{"name":"Upsert"},{"name":"AddLastUpdated","description":"add current timestamp to map with column LastUpdated "}],"scriptLines":["source(output(","          CustomerID as integer,","          Title as string,","          FirstName as string,","          Lastname as string,","          CompanyName as string,","          City as string,","          CountryRegion as string,","          EmailAddress as string,","          Phone as string","     ),","     allowSchemaDrift: true,","     validateSchema: false,","     isolationLevel: 'READ_UNCOMMITTED',","     format: 'table') ~> vCustomerAdamsSource","AddLastUpdated alterRow(upsertIf(true())) ~> Upsert","vCustomerAdamsSource derive(CurrentTimeStamp = currentTimestamp()) ~> AddLastUpdated","Upsert sink(allowSchemaDrift: true,","     validateSchema: false,","     input(","          SID_CustomerAdams as integer,","          CustomerID as integer,","          Title as string,","          FirstName as string,","          Lastname as string,","          CompanyName as string,","          City as string,","          CountryRegion as string,","          EmailAddress as string,","          Phone as string,","          LastUpdated as timestamp","     ),","     deletable:false,","     insertable:false,","     updateable:false,","     upsertable:true,","     keys:['CustomerID'],","     format: 'table',","     skipDuplicateMapInputs: true,","     skipDuplicateMapOutputs: true,","     errorHandlingOption: 'stopOnFirstError',","     mapColumn(","          CustomerID,","          Title,","          FirstName,","          Lastname,","          CompanyName,","          City,","          CountryRegion,","          EmailAddress,","          Phone,","          LastUpdated = CurrentTimeStamp","     )) ~> DimCustomerAdamsSCD1"]}},"dependsOn":["[concat(variables('factoryId'), '/datasets/SQL_Source')]","[concat(variables('factoryId'), '/datasets/SQL_Target_SCD1')]"]},{"name":"[concat(parameters('factoryName'), '/default')]","type":"Microsoft.DataFactory/factories/managedVirtualNetworks","apiVersion":"2018-06-01","properties":{},"dependsOn":[]},{"name":"[concat(parameters('factoryName'), '/SQL_Source')]","type":"Microsoft.DataFactory/factories/datasets","apiVersion":"2018-06-01","properties":{"linkedServiceName":{"referenceName":"[parameters('ls_azuresql_irvnetmedium')]","type":"LinkedServiceReference"},"annotations":[],"type":"AzureSqlTable","schema":[{"name":"CustomerID","type":"int","precision":10},{"name":"Title","type":"nvarchar"},{"name":"FirstName","type":"nvarchar"},{"name":"Lastname","type":"nvarchar"},{"name":"CompanyName","type":"nvarchar"},{"name":"City","type":"nvarchar"},{"name":"CountryRegion","type":"nvarchar"},{"name":"EmailAddress","type":"nvarchar"},{"name":"Phone","type":"nvarchar"}],"typeProperties":{"schema":"SalesLT","table":"vCustomerAdams_Source"}},"dependsOn":[]},{"name":"[concat(parameters('factoryName'), '/SQL_Target_SCD2')]","type":"Microsoft.DataFactory/factories/datasets","apiVersion":"2018-06-01","properties":{"linkedServiceName":{"referenceName":"[parameters('ls_azuresql_irvnetmedium')]","type":"LinkedServiceReference"},"annotations":[],"type":"AzureSqlTable","schema":[{"name":"SID_CustomerAdams","type":"int","precision":10},{"name":"CustomerID","type":"int","precision":10},{"name":"Title","type":"nvarchar"},{"name":"FirstName","type":"nvarchar"},{"name":"Lastname","type":"nvarchar"},{"name":"CompanyName","type":"nvarchar"},{"name":"City","type":"nvarchar"},{"name":"CountryRegion","type":"nvarchar"},{"name":"EmailAddress","type":"nvarchar"},{"name":"Phone","type":"nvarchar"},{"name":"IsActive","type":"bit"},{"name":"ValidFrom","type":"datetime","precision":23,"scale":3},{"name":"ValidTo","type":"datetime","precision":23,"scale":3},{"name":"LastUpdated","type":"datetime","precision":23,"scale":3}],"typeProperties":{"schema":"SalesLT","table":"DimCustomerAdams_SCD2"}},"dependsOn":[]},{"name":"[concat(parameters('factoryName'), '/SQL_Target_SCD1')]","type":"Microsoft.DataFactory/factories/datasets","apiVersion":"2018-06-01","properties":{"linkedServiceName":{"referenceName":"[parameters('ls_azuresql_irvnetmedium')]","type":"LinkedServiceReference"},"annotations":[],"type":"AzureSqlTable","schema":[{"name":"SID_CustomerAdams","type":"int","precision":10},{"name":"CustomerID","type":"int","precision":10},{"name":"Title","type":"nvarchar"},{"name":"FirstName","type":"nvarchar"},{"name":"Lastname","type":"nvarchar"},{"name":"CompanyName","type":"nvarchar"},{"name":"City","type":"nvarchar"},{"name":"CountryRegion","type":"nvarchar"},{"name":"EmailAddress","type":"nvarchar"},{"name":"Phone","type":"nvarchar"},{"name":"LastUpdated","type":"datetime","precision":23,"scale":3}],"typeProperties":{"schema":"SalesLT","table":"DimCustomerAdams_SCD1"}},"dependsOn":[]}]}