{"$schema":"http://schema.management.azure.com/schemas/2015-01-01/deploymentTemplate.json#","contentVersion":"1.0.0.0","parameters":{"factoryName":{"type":"string","metadata":"Data Factory name"}},"variables":{"factoryId":"[concat('Microsoft.DataFactory/factories/', parameters('factoryName'))]"},"resources":[{"name":"[concat(parameters('factoryName'), '/pl_troubleshooting2')]","type":"Microsoft.DataFactory/factories/pipelines","apiVersion":"2018-06-01","properties":{"description":"Explore troubleshooting","activities":[{"name":"Simulate error","type":"SetVariable","dependsOn":[],"policy":{"secureOutput":false,"secureInput":false},"userProperties":[],"typeProperties":{"variableName":"testString","value":{"value":"@string(div(1,0))","type":"Expression"}}},{"name":"Simulate success","type":"SetVariable","dependsOn":[],"policy":{"secureOutput":false,"secureInput":false},"userProperties":[],"typeProperties":{"variableName":"testString","value":"Simulate success"}},{"name":"Simulate success2","type":"SetVariable","dependsOn":[{"activity":"Simulate success","dependencyConditions":["Succeeded"]}],"policy":{"secureOutput":false,"secureInput":false},"userProperties":[],"typeProperties":{"variableName":"testString","value":"Simulate success"}},{"name":"Handling","description":"If successful, set string variable value to Success. If not, set Fail activity and pipeline return value.","type":"IfCondition","dependsOn":[{"activity":"Simulate error","dependencyConditions":["Completed"]},{"activity":"Simulate success2","dependencyConditions":["Completed","Skipped"]}],"userProperties":[],"typeProperties":{"expression":{"value":"@and(equals(activity('Simulate error').Status, 'Succeeded'), equals(activity('Simulate success2').Status, 'Succeeded')\n)","type":"Expression"},"ifFalseActivities":[{"name":"Return fail","type":"SetVariable","dependsOn":[],"policy":{"secureOutput":false,"secureInput":false},"userProperties":[],"typeProperties":{"variableName":"pipelineReturnValue","value":[{"key":"myCustomAttribute","value":{"type":"String","content":"Pipeline fail"}}],"setSystemVariable":true}},{"name":"Fail","type":"Fail","dependsOn":[{"activity":"Return fail","dependencyConditions":["Completed"]}],"userProperties":[],"typeProperties":{"message":"Custom failure message","errorCode":"30"}}],"ifTrueActivities":[{"name":"Return success","type":"SetVariable","dependsOn":[],"policy":{"secureOutput":false,"secureInput":false},"userProperties":[],"typeProperties":{"variableName":"pipelineReturnValue","value":[{"key":"myCustomAttribute","value":{"type":"String","content":"Pipeline success"}}],"setSystemVariable":true}}]}}],"policy":{"elapsedTimeMetric":{},"cancelAfter":{}},"variables":{"testString":{"type":"String"}},"annotations":[]},"dependsOn":[]}]}