{"$schema":"http://schema.management.azure.com/schemas/2015-01-01/deploymentTemplate.json#","contentVersion":"1.0.0.0","parameters":{"factoryName":{"type":"string","metadata":"Data Factory name"},"ls_adls_irvnetmedium":{"type":"string"}},"variables":{"factoryId":"[concat('Microsoft.DataFactory/factories/', parameters('factoryName'))]"},"resources":[{"name":"[concat(parameters('factoryName'), '/pl_simple_copy_df')]","type":"Microsoft.DataFactory/factories/pipelines","apiVersion":"2018-06-01","properties":{"description":"Use the copy activity to copy data from one location to another using mapping data flows.","activities":[{"name":"Data flow1","type":"ExecuteDataFlow","dependsOn":[],"policy":{"timeout":"0.12:00:00","retry":0,"retryIntervalInSeconds":30,"secureOutput":false,"secureInput":false},"userProperties":[],"typeProperties":{"dataflow":{"referenceName":"df_simple_copy","type":"DataFlowReference","parameters":{},"datasetParameters":{"source":{},"sink":{}}},"staging":{},"integrationRuntime":{"referenceName":"ir-vnetwork-medium-60min","type":"IntegrationRuntimeReference"},"traceLevel":"Fine"}}],"policy":{"elapsedTimeMetric":{},"cancelAfter":{}},"annotations":[],"lastPublishTime":"2023-06-29T17:16:42Z"},"dependsOn":["[concat(variables('factoryId'), '/dataflows/df_simple_copy')]"]},{"name":"[concat(parameters('factoryName'), '/df_simple_copy')]","type":"Microsoft.DataFactory/factories/dataflows","apiVersion":"2018-06-01","properties":{"description":"Data flow that performs a simple copy.","type":"MappingDataFlow","typeProperties":{"sources":[{"linkedService":{"referenceName":"[parameters('ls_adls_irvnetmedium')]","type":"LinkedServiceReference"},"name":"source"}],"sinks":[{"linkedService":{"referenceName":"[parameters('ls_adls_irvnetmedium')]","type":"LinkedServiceReference"},"name":"sink"}],"transformations":[],"scriptLines":["source(output(","          DateID as integer,","          MedallionID as integer,","          HackneyLicenseID as integer,","          PickupTimeID as integer,","          DropoffTimeID as integer,","          PickupGeographyID as integer,","          DropoffGeographyID as integer,","          PickupLatitude as double,","          PickupLongitude as double,","          PickupLatLong as string,","          DropoffLatitude as double,","          DropoffLongitude as double,","          DropoffLatLong as string,","          PassengerCount as integer,","          TripDurationSeconds as integer,","          TripDistanceMiles as double,","          PaymentType as string,","          FareAmount as decimal(19,4),","          SurchargeAmount as decimal(19,4),","          TaxAmount as decimal(19,4),","          TipAmount as decimal(19,4),","          TollsAmount as decimal(19,4),","          TotalAmount as decimal(19,4)","     ),","     allowSchemaDrift: true,","     validateSchema: false,","     limit: 100,","     ignoreNoFilesFound: false,","     format: 'parquet',","     fileSystem: 'inbound',","     wildcardPaths:['nyx_taxi_sample/*.parquet']) ~> source","source sink(allowSchemaDrift: true,","     validateSchema: false,","     format: 'parquet',","     fileSystem: 'publish',","     folderPath: 'nyx_taxi_sample_dataflow',","     umask: 0771,","     preCommands: [],","     postCommands: [],","     skipDuplicateMapInputs: true,","     skipDuplicateMapOutputs: true) ~> sink"]}},"dependsOn":[]},{"name":"[concat(parameters('factoryName'), '/default')]","type":"Microsoft.DataFactory/factories/managedVirtualNetworks","apiVersion":"2018-06-01","properties":{},"dependsOn":[]}]}