{"$schema":"http://schema.management.azure.com/schemas/2015-01-01/deploymentTemplate.json#","contentVersion":"1.0.0.0","parameters":{"factoryName":{"type":"string","metadata":"Data Factory name"},"ls_azuresql_irvnetmedium":{"type":"string"}},"variables":{"factoryId":"[concat('Microsoft.DataFactory/factories/', parameters('factoryName'))]"},"resources":[{"name":"[concat(parameters('factoryName'), '/pipeline-Join')]","type":"Microsoft.DataFactory/factories/pipelines","apiVersion":"2018-06-01","properties":{"activities":[{"name":"Data flow Join","type":"ExecuteDataFlow","dependsOn":[],"policy":{"timeout":"0.12:00:00","retry":0,"retryIntervalInSeconds":30,"secureOutput":false,"secureInput":false},"userProperties":[],"typeProperties":{"dataflow":{"referenceName":"dataflow2","type":"DataFlowReference","parameters":{},"datasetParameters":{"source1":{},"source2":{},"sink1":{}}},"staging":{},"compute":{"coreCount":8,"computeType":"General"},"traceLevel":"Fine"}}],"policy":{"elapsedTimeMetric":{},"cancelAfter":{}},"annotations":[]},"dependsOn":["[concat(variables('factoryId'), '/dataflows/dataflow2')]"]},{"name":"[concat(parameters('factoryName'), '/dataflow2')]","type":"Microsoft.DataFactory/factories/dataflows","apiVersion":"2018-06-01","properties":{"type":"MappingDataFlow","typeProperties":{"sources":[{"dataset":{"referenceName":"ds_sql_product","type":"DatasetReference"},"name":"source1"},{"dataset":{"referenceName":"ds_sql_productCategory","type":"DatasetReference"},"name":"source2"}],"sinks":[{"dataset":{"referenceName":"ds_sql_productByCategory","type":"DatasetReference"},"name":"sink1"}],"transformations":[{"name":"join1"},{"name":"select1"},{"name":"aggregate1"}],"scriptLines":["source(output(","          ProductID as integer,","          Name as string,","          ProductNumber as string,","          Color as string,","          StandardCost as decimal(19,4),","          ListPrice as decimal(19,4),","          Size as string,","          Weight as decimal(8,2),","          ProductCategoryID as integer,","          ProductModelID as integer,","          SellStartDate as timestamp,","          SellEndDate as timestamp,","          DiscontinuedDate as timestamp,","          ThumbNailPhoto as binary,","          ThumbnailPhotoFileName as string,","          rowguid as string,","          ModifiedDate as timestamp","     ),","     allowSchemaDrift: true,","     validateSchema: false,","     isolationLevel: 'READ_UNCOMMITTED',","     format: 'table') ~> source1","source(output(","          ProductCategoryID as integer,","          ParentProductCategoryID as integer,","          Name as string,","          rowguid as string,","          ModifiedDate as timestamp","     ),","     allowSchemaDrift: true,","     validateSchema: false,","     isolationLevel: 'READ_UNCOMMITTED',","     format: 'table') ~> source2","source1, source2 join(source1@ProductCategoryID == source2@ProductCategoryID,","     joinType:'inner',","     matchType:'exact',","     ignoreSpaces: false,","     broadcast: 'auto')~> join1","join1 select(mapColumn(","          ProductID,","          CategoryName = source2@Name","     ),","     skipDuplicateMapInputs: true,","     skipDuplicateMapOutputs: true) ~> select1","select1 aggregate(groupBy(CategoryName),","     TotalProducts = count(ProductID)) ~> aggregate1","aggregate1 sink(allowSchemaDrift: true,","     validateSchema: false,","     input(","          CategoryName as string,","          TotalProducts as integer","     ),","     deletable:false,","     insertable:true,","     updateable:false,","     upsertable:false,","     format: 'table',","     skipDuplicateMapInputs: true,","     skipDuplicateMapOutputs: true,","     errorHandlingOption: 'stopOnFirstError') ~> sink1"]}},"dependsOn":["[concat(variables('factoryId'), '/datasets/ds_sql_product')]","[concat(variables('factoryId'), '/datasets/ds_sql_productCategory')]","[concat(variables('factoryId'), '/datasets/ds_sql_productByCategory')]"]},{"name":"[concat(parameters('factoryName'), '/ds_sql_product')]","type":"Microsoft.DataFactory/factories/datasets","apiVersion":"2018-06-01","properties":{"linkedServiceName":{"referenceName":"[parameters('ls_azuresql_irvnetmedium')]","type":"LinkedServiceReference"},"annotations":[],"type":"AzureSqlTable","schema":[{"name":"ProductID","type":"int","precision":10},{"name":"Name","type":"nvarchar"},{"name":"ProductNumber","type":"nvarchar"},{"name":"Color","type":"nvarchar"},{"name":"StandardCost","type":"money","precision":19,"scale":4},{"name":"ListPrice","type":"money","precision":19,"scale":4},{"name":"Size","type":"nvarchar"},{"name":"Weight","type":"decimal","precision":8,"scale":2},{"name":"ProductCategoryID","type":"int","precision":10},{"name":"ProductModelID","type":"int","precision":10},{"name":"SellStartDate","type":"datetime","precision":23,"scale":3},{"name":"SellEndDate","type":"datetime","precision":23,"scale":3},{"name":"DiscontinuedDate","type":"datetime","precision":23,"scale":3},{"name":"ThumbNailPhoto","type":"varbinary"},{"name":"ThumbnailPhotoFileName","type":"nvarchar"},{"name":"rowguid","type":"uniqueidentifier"},{"name":"ModifiedDate","type":"datetime","precision":23,"scale":3}],"typeProperties":{"schema":"SalesLT","table":"Product"}},"dependsOn":[]},{"name":"[concat(parameters('factoryName'), '/ds_sql_productCategory')]","type":"Microsoft.DataFactory/factories/datasets","apiVersion":"2018-06-01","properties":{"linkedServiceName":{"referenceName":"[parameters('ls_azuresql_irvnetmedium')]","type":"LinkedServiceReference"},"annotations":[],"type":"AzureSqlTable","schema":[{"name":"ProductCategoryID","type":"int","precision":10},{"name":"ParentProductCategoryID","type":"int","precision":10},{"name":"Name","type":"nvarchar"},{"name":"rowguid","type":"uniqueidentifier"},{"name":"ModifiedDate","type":"datetime","precision":23,"scale":3}],"typeProperties":{"schema":"SalesLT","table":"ProductCategory"}},"dependsOn":[]},{"name":"[concat(parameters('factoryName'), '/ds_sql_productByCategory')]","type":"Microsoft.DataFactory/factories/datasets","apiVersion":"2018-06-01","properties":{"linkedServiceName":{"referenceName":"[parameters('ls_azuresql_irvnetmedium')]","type":"LinkedServiceReference"},"annotations":[],"type":"AzureSqlTable","schema":[{"name":"CategoryName","type":"nvarchar"},{"name":"TotalProducts","type":"int","precision":10}],"typeProperties":{"schema":"dbo","table":"ProductByCategory"}},"dependsOn":[]},{"name":"[concat(parameters('factoryName'), '/default')]","type":"Microsoft.DataFactory/factories/managedVirtualNetworks","apiVersion":"2018-06-01","properties":{},"dependsOn":[]}]}