{"$schema":"http://schema.management.azure.com/schemas/2015-01-01/deploymentTemplate.json#","contentVersion":"1.0.0.0","parameters":{"factoryName":{"type":"string","metadata":"Data Factory name"},"ls_adls_irvnetmedium":{"type":"string"}},"variables":{"factoryId":"[concat('Microsoft.DataFactory/factories/', parameters('factoryName'))]"},"resources":[{"name":"[concat(parameters('factoryName'), '/pl_medallion_silver')]","type":"Microsoft.DataFactory/factories/pipelines","apiVersion":"2018-06-01","properties":{"description":"Transform and cleanse data","activities":[{"name":"Run silver data flow","type":"ExecuteDataFlow","dependsOn":[],"policy":{"timeout":"0.00:30:00","retry":0,"retryIntervalInSeconds":30,"secureOutput":false,"secureInput":false},"userProperties":[],"typeProperties":{"dataflow":{"referenceName":"df_medallion_silver","type":"DataFlowReference","parameters":{},"datasetParameters":{"Employees":{},"Regions":{},"sinkErrors":{},"sink":{}}},"staging":{},"integrationRuntime":{"referenceName":"ir-vnetwork-medium-60min","type":"IntegrationRuntimeReference"},"traceLevel":"None","cacheSinks":{"firstRowOnly":true}}},{"name":"Get list of error files","description":"Gets the metadata for silver layer error directories starting with today's date","type":"GetMetadata","dependsOn":[{"activity":"Run silver data flow","dependencyConditions":["Succeeded"]}],"policy":{"timeout":"0.00:30:00","retry":1,"retryIntervalInSeconds":30,"secureOutput":false,"secureInput":false},"userProperties":[],"typeProperties":{"dataset":{"referenceName":"ds_vnmed_adls_binary_directory","type":"DatasetReference","parameters":{"container":"inbound","directory":{"value":"@concat('employees_silver_errors/',\n formatDateTime(convertFromUtc(utcNow(),'Central Standard Time'),'yyyyMMdd')\n )","type":"Expression"}}},"fieldList":["childItems"],"storeSettings":{"type":"AzureBlobFSReadSettings","recursive":true,"enablePartitionDiscovery":false},"formatSettings":{"type":"BinaryReadSettings"}}},{"name":"If error files are found","description":"Throws an error if error files are present","type":"IfCondition","dependsOn":[{"activity":"Get list of error files","dependencyConditions":["Completed"]}],"userProperties":[],"typeProperties":{"expression":{"value":"@if(\n    not(empty(activity('Get list of error files').output))\n    ,if(\n        not(\n            empty(\n                activity('Get list of error files').output.childitems\n                )\n            )\n        ,true,false),false)","type":"Expression"},"ifTrueActivities":[{"name":"Fail","description":"Set and throw custom error message that the silver layer has failed","type":"Fail","dependsOn":[],"userProperties":[],"typeProperties":{"message":{"value":"@concat('Error files found: ',string(activity('Get list of error files').output.childItems))","type":"Expression"},"errorCode":"500"}}]}}],"policy":{"elapsedTimeMetric":{},"cancelAfter":{}},"annotations":[],"lastPublishTime":"2023-07-01T01:40:25Z"},"dependsOn":["[concat(variables('factoryId'), '/dataflows/df_medallion_silver')]","[concat(variables('factoryId'), '/datasets/ds_vnmed_adls_binary_directory')]"]},{"name":"[concat(parameters('factoryName'), '/df_medallion_silver')]","type":"Microsoft.DataFactory/factories/dataflows","apiVersion":"2018-06-01","properties":{"description":"Transform and cleanse","type":"MappingDataFlow","typeProperties":{"sources":[{"linkedService":{"referenceName":"[parameters('ls_adls_irvnetmedium')]","type":"LinkedServiceReference"},"name":"Employees","description":"Excel spreadsheet containing a complete list of employees."},{"linkedService":{"referenceName":"[parameters('ls_adls_irvnetmedium')]","type":"LinkedServiceReference"},"name":"Regions","description":"Excel spreadsheet containing a complete list of valid Region values. Only the values in the latest file are valid."}],"sinks":[{"linkedService":{"referenceName":"[parameters('ls_adls_irvnetmedium')]","type":"LinkedServiceReference"},"name":"sinkErrors","description":"Save error file"},{"linkedService":{"referenceName":"[parameters('ls_adls_irvnetmedium')]","type":"LinkedServiceReference"},"name":"sink","description":"Sink cleansed data"}],"transformations":[{"name":"renameForSpark","description":"Change to Spark friendly column names "},{"name":"dedupStep1","description":"Add rowNumberbyEmpId"},{"name":"dedupStep2","description":"Filter to rowNumberbyEmpId of 1"},{"name":"castDates","description":"Cast DateofBirth and DateofJoining"},{"name":"aggregates"},{"name":"regionsAggregates"},{"name":"lastestRegionFileOnly","description":"Filter Regions to only those in the latest file received"},{"name":"joinDobNullRate","description":"The percent of total rows where the date of birth is NULL is joined back into the employee dataset"},{"name":"dropDupFilename","description":"Drop one of the __raw_filename attributes"},{"name":"asserts"},{"name":"split","description":"Split rows with errors from clean rows"},{"name":"addErrorMessage","description":"Add assertErrorMessage "},{"name":"sinkAlterConditions","description":"Indicate in what conditions alters should occur"}],"scriptLines":["source(output(","          {Emp ID} as long,","          {Name Prefix} as string,","          {First Name} as string,","          {Middle Initial} as string,","          {Last Name} as string,","          Gender as string,","          {E Mail} as string,","          {Father's Name} as string,","          {Mother's Name} as string,","          {Mother's Maiden Name} as string,","          {Date of Birth} as string,","          {Time of Birth} as string,","          {Age in Yrs.} as float,","          {Weight in Kgs.} as long,","          {Date of Joining} as string,","          {Quarter of Joining} as string,","          {Half of Joining} as string,","          {Year of Joining} as long,","          {Month of Joining} as long,","          {Month Name of Joining} as string,","          {Short Month} as string,","          {Day of Joining} as long,","          {DOW of Joining} as string,","          {Short DOW} as string,","          {Age in Company (Years)} as float,","          Salary as long,","          {Last % Hike} as float,","          SSN as string,","          {Phone No. } as string,","          {Place Name} as string,","          County as string,","          City as string,","          State as string,","          Zip as long,","          Region as string,","          {User Name} as string,","          Password as string","     ),","     allowSchemaDrift: true,","     validateSchema: false,","     ignoreNoFilesFound: false,","     rowUrlColumn: '__raw_filename',","     format: 'excel',","     fileSystem: 'inbound',","     sheetName: '90_name_records',","     firstRowAsHeader: true,","     wildcardPaths:[('employees_bronze/*/*/Employees.xlsx')]) ~> Employees","source(output(","          Region as string","     ),","     allowSchemaDrift: true,","     validateSchema: false,","     ignoreNoFilesFound: false,","     rowUrlColumn: '__raw_filename',","     format: 'excel',","     fileSystem: 'inbound',","     sheetName: 'Sheet1',","     firstRowAsHeader: true,","     wildcardPaths:[('employees_bronze/*/*/Regions.xlsx')]) ~> Regions","Employees select(mapColumn(","          EmpID = {Emp ID},","          NamePrefix = {Name Prefix},","          FirstName = {First Name},","          MiddleInitial = {Middle Initial},","          LastName = {Last Name},","          Gender,","          EMail = {E Mail},","          FathersName = {Father's Name},","          MothersName = {Mother's Name},","          MothersMaidenName = {Mother's Maiden Name},","          DateofBirth = {Date of Birth},","          TimeofBirth = {Time of Birth},","          AgeinYrs = {Age in Yrs.},","          WeightinKgs = {Weight in Kgs.},","          DateofJoining = {Date of Joining},","          QuarterofJoining = {Quarter of Joining},","          HalfofJoining = {Half of Joining},","          YearofJoining = {Year of Joining},","          MonthofJoining = {Month of Joining},","          MonthNameofJoining = {Month Name of Joining},","          ShortMonth = {Short Month},","          DayofJoining = {Day of Joining},","          DOWofJoining = {DOW of Joining},","          ShortDOW = {Short DOW},","          AgeinCompanyYears = {Age in Company (Years)},","          Salary,","          LastHike = {Last % Hike},","          SSN,","          PhoneNo = {Phone No. },","          PlaceName = {Place Name},","          County,","          City,","          State,","          Zip,","          Region,","          UserName = {User Name},","          Password,","          {__raw_filename}","     ),","     skipDuplicateMapInputs: true,","     skipDuplicateMapOutputs: true) ~> renameForSpark","renameForSpark window(over(EmpID),","     desc({__raw_filename}, false),","     rowNumberByEmpId = rowNumber()) ~> dedupStep1","dedupStep1 filter(rowNumberByEmpId == 1) ~> dedupStep2","dedupStep2 cast(output(","          DateofBirth as date 'M/d/yyyy',","          DateofJoining as date 'M/d/yyyy'","     ),","     errors: true) ~> castDates","castDates aggregate(groupBy({__raw_filename}),","     RateDateofBirthNull = round(countIf(isNull(DateofBirth), EmpID)/countAll(EmpID), 2, 5),","          CountAll = countAll(EmpID)) ~> aggregates","Regions aggregate({__max_regions_filename} = max({__raw_filename})) ~> regionsAggregates","Regions, regionsAggregates join({__raw_filename} == {__max_regions_filename},","     joinType:'inner',","     matchType:'exact',","     ignoreSpaces: false,","     broadcast: 'auto')~> lastestRegionFileOnly","castDates, aggregates join(1==1,","     joinType:'cross',","     matchType:'exact',","     ignoreSpaces: false,","     broadcast: 'auto')~> joinDobNullRate","joinDobNullRate select(mapColumn(","          EmpID,","          NamePrefix,","          FirstName,","          MiddleInitial,","          LastName,","          Gender,","          EMail,","          FathersName,","          MothersName,","          MothersMaidenName,","          DateofBirth,","          TimeofBirth,","          AgeinYrs,","          WeightinKgs,","          DateofJoining,","          QuarterofJoining,","          HalfofJoining,","          YearofJoining,","          MonthofJoining,","          MonthNameofJoining,","          ShortMonth,","          DayofJoining,","          DOWofJoining,","          ShortDOW,","          AgeinCompanyYears,","          Salary,","          LastHike,","          SSN,","          PhoneNo,","          PlaceName,","          County,","          City,","          State,","          Zip,","          Region,","          UserName,","          Password,","          {__raw_filename} = renameForSpark@{__raw_filename},","          rowNumberByEmpId,","          RateDateofBirthNull,","          CountAll","     ),","     skipDuplicateMapInputs: true,","     skipDuplicateMapOutputs: true) ~> dropDupFilename","dropDupFilename, lastestRegionFileOnly assert(expectTrue(not(isNull(Gender)) && in(['M','F','O'], Gender), false, 'assertGender', null, Gender + ' must be: M (Male), F (Female) or O (Other).'),","     expectTrue(not(isNull(EMail)), false, 'assertEmail', null, 'Email is required and is Null'),","     expectUnique(EmpID, false, 'assertEmpId', null, toString({EmpID}) + ' is not unique'),","     expectTrue(YearofJoining > minus(year(currentUTC()),120), false, 'assertYearJoining', null, toString({YearofJoining}) + ' must be realistic (within last 120 years)'),","     expectTrue(in(['H1','H2'], HalfofJoining), false, 'assertHalfOfJoining', null, {HalfofJoining} + ' must be H1 or H2'),","     expectTrue(RateDateofBirthNull < .2, false, 'assertAggregateRateDateofBirthNull', null, 'Source file has an unexpectedly large rate of null Date of Birth values: ' + toString(RateDateofBirthNull) + ' indicating a bad source file.'),","     expectTrue(CountAll > 20, false, 'assertAggregateCount', null, 'Source file does not include > 20 records; indicating a bad file.'),","     expectExists(dropDupFilename@Region == Regions@Region, false, 'assertValidRegion', null, dropDupFilename@Region + ' does not exist in Regions list')) ~> asserts","asserts split(isError(),","     disjoint: false) ~> split@(errors, cleansed)","split@errors derive(assertErrorMessage = assertErrorMessages()) ~> addErrorMessage","split@cleansed alterRow(updateIf(true())) ~> sinkAlterConditions","addErrorMessage sink(allowSchemaDrift: true,","     validateSchema: false,","     format: 'delimited',","     fileSystem: 'inbound',","     folderPath: (\"employees_silver_errors/\" + toString(currentDate('CST'),'yyyyMMdd')),","     truncate: true,","     columnDelimiter: ',',","     escapeChar: '\\\\',","     quoteChar: '\\\"',","     columnNamesAsHeader: true,","     umask: 0771,","     preCommands: [],","     postCommands: [],","     skipDuplicateMapInputs: true,","     skipDuplicateMapOutputs: true,","     quoteAll: true,","     partitionBy('hash', 1)) ~> sinkErrors","sinkAlterConditions sink(allowSchemaDrift: true,","     validateSchema: false,","     format: 'delta',","     fileSystem: 'inbound',","     folderPath: 'employees_silver',","     mergeSchema: false,","     autoCompact: false,","     optimizedWrite: false,","     vacuum: 30,","     deletable: false,","     insertable: false,","     updateable: false,","     upsertable: true,","     keys:['EmpID'],","     umask: 0771,","     preCommands: [],","     postCommands: [],","     skipDuplicateMapInputs: true,","     skipDuplicateMapOutputs: true) ~> sink"]}},"dependsOn":[]},{"name":"[concat(parameters('factoryName'), '/ds_vnmed_adls_binary_directory')]","type":"Microsoft.DataFactory/factories/datasets","apiVersion":"2018-06-01","properties":{"linkedServiceName":{"referenceName":"[parameters('ls_adls_irvnetmedium')]","type":"LinkedServiceReference"},"parameters":{"container":{"type":"string"},"directory":{"type":"string"}},"annotations":[],"type":"Binary","typeProperties":{"location":{"type":"AzureBlobFSLocation","folderPath":{"value":"@dataset().directory","type":"Expression"},"fileSystem":{"value":"@dataset().container","type":"Expression"}}}},"dependsOn":[]},{"name":"[concat(parameters('factoryName'), '/default')]","type":"Microsoft.DataFactory/factories/managedVirtualNetworks","apiVersion":"2018-06-01","properties":{},"dependsOn":[]}]}