{"$schema":"http://schema.management.azure.com/schemas/2015-01-01/deploymentTemplate.json#","contentVersion":"1.0.0.0","parameters":{"factoryName":{"type":"string","metadata":"Data Factory name"}},"variables":{"factoryId":"[concat('Microsoft.DataFactory/factories/', parameters('factoryName'))]"},"resources":[{"name":"[concat(parameters('factoryName'), '/pl_troubleshooting')]","type":"Microsoft.DataFactory/factories/pipelines","apiVersion":"2018-06-01","properties":{"description":"Explore troubleshooting","activities":[{"name":"Simulate error","type":"SetVariable","dependsOn":[],"policy":{"secureOutput":false,"secureInput":false},"userProperties":[],"typeProperties":{"variableName":"testString","value":{"value":"@string(div(1,0))","type":"Expression"}}},{"name":"Upon fail","type":"SetVariable","dependsOn":[{"activity":"Simulate error","dependencyConditions":["Failed"]}],"policy":{"secureOutput":false,"secureInput":false},"userProperties":[],"typeProperties":{"variableName":"testString","value":"Fail"}},{"name":"Upon success","type":"SetVariable","dependsOn":[{"activity":"Simulate error","dependencyConditions":["Succeeded"]}],"policy":{"secureOutput":false,"secureInput":false},"userProperties":[],"typeProperties":{"variableName":"testString","value":"Success"}}],"policy":{"elapsedTimeMetric":{},"cancelAfter":{}},"variables":{"testString":{"type":"String"}},"annotations":[]},"dependsOn":[]}]}