{"$schema":"http://schema.management.azure.com/schemas/2015-01-01/deploymentTemplate.json#","contentVersion":"1.0.0.0","parameters":{"factoryName":{"type":"string","metadata":"Data Factory name"},"ls_adls_irvnetmedium":{"type":"string"}},"variables":{"factoryId":"[concat('Microsoft.DataFactory/factories/', parameters('factoryName'))]"},"resources":[{"name":"[concat(parameters('factoryName'), '/pl_medallion_bronze')]","type":"Microsoft.DataFactory/factories/pipelines","apiVersion":"2018-06-01","properties":{"description":"Ingest and apply retention policy","activities":[{"name":"Copy to incoming","description":"Copy any excel file found in the source directory to a dated incoming directory.","type":"Copy","dependsOn":[],"policy":{"timeout":"0.00:30:00","retry":0,"retryIntervalInSeconds":30,"secureOutput":false,"secureInput":false},"userProperties":[],"typeProperties":{"source":{"type":"BinarySource","storeSettings":{"type":"AzureBlobFSReadSettings","recursive":false,"modifiedDatetimeStart":{"value":"@addDays(convertFromUtc(utcNow(),'Central Standard Time'),-3)","type":"Expression"},"modifiedDatetimeEnd":{"value":"@utcnow()","type":"Expression"},"wildcardFolderPath":"employees","wildcardFileName":"*.xlsx","deleteFilesAfterCompletion":false},"formatSettings":{"type":"BinaryReadSettings"}},"sink":{"type":"BinarySink","storeSettings":{"type":"AzureBlobFSWriteSettings"}},"enableStaging":false},"inputs":[{"referenceName":"ds_vnmed_adls_binary","type":"DatasetReference","parameters":{"container":"source","directory":"employees","filename":"*.xlsx"}}],"outputs":[{"referenceName":"ds_vnmed_adls_binary_directory","type":"DatasetReference","parameters":{"container":"inbound","directory":{"value":"@concat('employees_bronze/',\nformatDateTime(convertFromUtc(utcNow(),'Central Standard Time')\n,'yyyy'),'/',\nformatDateTime(convertFromUtc(utcNow(),'Central Standard Time')\n,'yyyyMMddHHmm'))","type":"Expression"}}}]},{"name":"Inbound Data Retention Policy","description":"Delete incoming folders older than 1 year.","type":"Delete","dependsOn":[{"activity":"Copy to incoming","dependencyConditions":["Succeeded"]}],"policy":{"timeout":"0.00:30:00","retry":1,"retryIntervalInSeconds":30,"secureOutput":false,"secureInput":false},"userProperties":[],"typeProperties":{"dataset":{"referenceName":"ds_vnmed_adls_binary_directory","type":"DatasetReference","parameters":{"container":"inbound","directory":{"value":"@concat('employees_bronze/',formatDateTime(getPastTime(1,'Year'),'yyyy')\n)","type":"Expression"}}},"enableLogging":false,"storeSettings":{"type":"AzureBlobFSReadSettings","recursive":true,"enablePartitionDiscovery":false}}},{"name":"Fail","description":"Set and throw first error code and message","type":"Fail","dependsOn":[{"activity":"Copy to incoming","dependencyConditions":["Failed"]}],"userProperties":[],"typeProperties":{"message":{"value":"@activity('Copy to incoming').output.errors[0].Message","type":"Expression"},"errorCode":{"value":"@activity('Copy to incoming').output.errors[0].Code","type":"Expression"}}}],"policy":{"elapsedTimeMetric":{},"cancelAfter":{}},"annotations":[],"lastPublishTime":"2023-06-30T18:32:26Z"},"dependsOn":["[concat(variables('factoryId'), '/datasets/ds_vnmed_adls_binary')]","[concat(variables('factoryId'), '/datasets/ds_vnmed_adls_binary_directory')]"]},{"name":"[concat(parameters('factoryName'), '/ds_vnmed_adls_binary')]","type":"Microsoft.DataFactory/factories/datasets","apiVersion":"2018-06-01","properties":{"linkedServiceName":{"referenceName":"[parameters('ls_adls_irvnetmedium')]","type":"LinkedServiceReference"},"parameters":{"container":{"type":"string"},"directory":{"type":"string"},"filename":{"type":"string"}},"annotations":[],"type":"Binary","typeProperties":{"location":{"type":"AzureBlobFSLocation","fileName":{"value":"@dataset().filename","type":"Expression"},"folderPath":{"value":"@dataset().directory","type":"Expression"},"fileSystem":{"value":"@dataset().container","type":"Expression"}}}},"dependsOn":[]},{"name":"[concat(parameters('factoryName'), '/ds_vnmed_adls_binary_directory')]","type":"Microsoft.DataFactory/factories/datasets","apiVersion":"2018-06-01","properties":{"linkedServiceName":{"referenceName":"[parameters('ls_adls_irvnetmedium')]","type":"LinkedServiceReference"},"parameters":{"container":{"type":"string"},"directory":{"type":"string"}},"annotations":[],"type":"Binary","typeProperties":{"location":{"type":"AzureBlobFSLocation","folderPath":{"value":"@dataset().directory","type":"Expression"},"fileSystem":{"value":"@dataset().container","type":"Expression"}}}},"dependsOn":[]},{"name":"[concat(parameters('factoryName'), '/default')]","type":"Microsoft.DataFactory/factories/managedVirtualNetworks","apiVersion":"2018-06-01","properties":{},"dependsOn":[]}]}