{"$schema":"http://schema.management.azure.com/schemas/2015-01-01/deploymentTemplate.json#","contentVersion":"1.0.0.0","parameters":{"factoryName":{"type":"string","metadata":"Data Factory name"},"ls_adls_irazure":{"type":"string"}},"variables":{"factoryId":"[concat('Microsoft.DataFactory/factories/', parameters('factoryName'))]"},"resources":[{"name":"[concat(parameters('factoryName'), '/pl_troubleshooting3')]","type":"Microsoft.DataFactory/factories/pipelines","apiVersion":"2018-06-01","properties":{"description":"Capture copy data effort message","activities":[{"name":"Copy","type":"Copy","dependsOn":[],"policy":{"timeout":"0.12:00:00","retry":0,"retryIntervalInSeconds":30,"secureOutput":false,"secureInput":false},"userProperties":[],"typeProperties":{"source":{"type":"BinarySource","storeSettings":{"type":"AzureBlobFSReadSettings","recursive":false,"deleteFilesAfterCompletion":false},"formatSettings":{"type":"BinaryReadSettings"}},"sink":{"type":"BinarySink","storeSettings":{"type":"AzureBlobFSWriteSettings"}},"enableStaging":false},"inputs":[{"referenceName":"ds_irazure_adls_binary_directory","type":"DatasetReference","parameters":{"container":"Bad","directory":"Bad"}}],"outputs":[{"referenceName":"ds_irazure_adls_binary_directory","type":"DatasetReference","parameters":{"container":"Bad","directory":"Bad"}}]},{"name":"Fail message","type":"Fail","dependsOn":[{"activity":"Copy","dependencyConditions":["Failed"]}],"userProperties":[],"typeProperties":{"message":{"value":"@activity('Copy').output.errors[0].Message","type":"Expression"},"errorCode":{"value":"@activity('Copy').output.errors[0].Code","type":"Expression"}}}],"policy":{"elapsedTimeMetric":{},"cancelAfter":{}},"annotations":[]},"dependsOn":["[concat(variables('factoryId'), '/datasets/ds_irazure_adls_binary_directory')]"]},{"name":"[concat(parameters('factoryName'), '/ds_irazure_adls_binary_directory')]","type":"Microsoft.DataFactory/factories/datasets","apiVersion":"2018-06-01","properties":{"linkedServiceName":{"referenceName":"[parameters('ls_adls_irazure')]","type":"LinkedServiceReference"},"parameters":{"container":{"type":"string"},"directory":{"type":"string"}},"annotations":[],"type":"Binary","typeProperties":{"location":{"type":"AzureBlobFSLocation","folderPath":{"value":"@dataset().directory","type":"Expression"},"fileSystem":{"value":"@dataset().container","type":"Expression"}}}},"dependsOn":[]},{"name":"[concat(parameters('factoryName'), '/default')]","type":"Microsoft.DataFactory/factories/managedVirtualNetworks","apiVersion":"2018-06-01","properties":{},"dependsOn":[]}]}