{"$schema":"http://schema.management.azure.com/schemas/2015-01-01/deploymentTemplate.json#","contentVersion":"1.0.0.0","parameters":{"factoryName":{"type":"string","metadata":"Data Factory name"},"ls_adls_irvnetmedium":{"type":"string"}},"variables":{"factoryId":"[concat('Microsoft.DataFactory/factories/', parameters('factoryName'))]"},"resources":[{"name":"[concat(parameters('factoryName'), '/pl_medallion_gold')]","type":"Microsoft.DataFactory/factories/pipelines","apiVersion":"2018-06-01","properties":{"description":"Final refinement and publication of data","activities":[{"name":"Run gold data flow","type":"ExecuteDataFlow","dependsOn":[],"policy":{"timeout":"0.00:30:00","retry":0,"retryIntervalInSeconds":30,"secureOutput":false,"secureInput":false},"userProperties":[],"typeProperties":{"dataflow":{"referenceName":"df_medallion_gold","type":"DataFlowReference","parameters":{},"datasetParameters":{"silver":{},"sinkWithoutConfidential":{},"sinkWithConfidential":{}}},"staging":{},"integrationRuntime":{"referenceName":"ir-vnetwork-medium-60min","type":"IntegrationRuntimeReference"},"traceLevel":"None","cacheSinks":{"firstRowOnly":true}}}],"policy":{"elapsedTimeMetric":{},"cancelAfter":{}},"annotations":[]},"dependsOn":["[concat(variables('factoryId'), '/dataflows/df_medallion_gold')]"]},{"name":"[concat(parameters('factoryName'), '/df_medallion_gold')]","type":"Microsoft.DataFactory/factories/dataflows","apiVersion":"2018-06-01","properties":{"description":"Final refinement and security application","type":"MappingDataFlow","typeProperties":{"sources":[{"linkedService":{"referenceName":"[parameters('ls_adls_irvnetmedium')]","type":"LinkedServiceReference"},"name":"silver"}],"sinks":[{"linkedService":{"referenceName":"[parameters('ls_adls_irvnetmedium')]","type":"LinkedServiceReference"},"name":"sinkWithoutConfidential","description":"Sink only the attributes that are available generally. Columns are explicitly mapped after they are confirmed to be generally available."},{"linkedService":{"referenceName":"[parameters('ls_adls_irvnetmedium')]","type":"LinkedServiceReference"},"name":"sinkWithConfidential","description":"Sink all the attributes that are available for consumption, including protected attributes that are considered confidential."}],"transformations":[{"name":"addCalculatedAges","description":"Add calculated columns for age and age in company to be used in new banded columns in next step."},{"name":"addCalculatedBandsAndMaskedEmail","description":"Add banded and masked attributes."},{"name":"allowUpsert"}],"scriptLines":["source(output(","          EmpID as long,","          NamePrefix as string,","          FirstName as string,","          MiddleInitial as string,","          LastName as string,","          Gender as string,","          EMail as string,","          FathersName as string,","          MothersName as string,","          MothersMaidenName as string,","          DateofBirth as date,","          TimeofBirth as string,","          AgeinYrs as float,","          WeightinKgs as long,","          DateofJoining as date,","          QuarterofJoining as string,","          HalfofJoining as string,","          YearofJoining as long,","          MonthofJoining as long,","          MonthNameofJoining as string,","          ShortMonth as string,","          DayofJoining as long,","          DOWofJoining as string,","          ShortDOW as string,","          AgeinCompanyYears as float,","          Salary as long,","          LastHike as float,","          SSN as string,","          PhoneNo as string,","          PlaceName as string,","          County as string,","          City as string,","          State as string,","          Zip as long,","          Region as string,","          UserName as string,","          Password as string,","          {__raw_filename} as string,","          rowNumberByEmpId as integer,","          RateDateofBirthNull as double,","          CountAll as long","     ),","     allowSchemaDrift: true,","     validateSchema: false,","     ignoreNoFilesFound: false,","     format: 'delta',","     compressionType: 'snappy',","     compressionLevel: 'Fastest',","     fileSystem: 'inbound',","     folderPath: 'employees_silver') ~> silver","silver derive(each(match(startsWith(name,'Dateof')), $$ + 'CalculatedAge' = floor(divide(monthsBetween(currentDate(),$$),12)))) ~> addCalculatedAges","addCalculatedAges derive(MaskedEMail = rpad(left(toString(byName('EMail')),1),15,'*'),","          each(match(endsWith(name,'CalculatedAge')), $$ + 'Band' = case($$ < 5, 'Less than 5', case($$ < 10,'5-9',case($$ < 20,'10-19',case($$ < 30, '20-29', '30+')))))) ~> addCalculatedBandsAndMaskedEmail","addCalculatedBandsAndMaskedEmail alterRow(upsertIf(true())) ~> allowUpsert","allowUpsert sink(allowSchemaDrift: true,","     validateSchema: false,","     format: 'delta',","     compressionType: 'snappy',","     compressionLevel: 'Optimal',","     fileSystem: 'publish',","     folderPath: 'employees_gold_general',","     mergeSchema: false,","     autoCompact: true,","     optimizedWrite: true,","     vacuum: 30,","     deletable: false,","     insertable: false,","     updateable: false,","     upsertable: true,","     keys:['EmpID'],","     umask: 0771,","     preCommands: [],","     postCommands: [],","     skipDuplicateMapInputs: true,","     skipDuplicateMapOutputs: true,","     mapColumn(","          EmpID,","          MaskedEMail,","          Gender,","          WeightinKgs,","          QuarterofJoining,","          HalfofJoining,","          YearofJoining,","          MonthofJoining,","          MonthNameofJoining,","          ShortMonth,","          DOWofJoining,","          ShortDOW,","          Salary,","          LastHike,","          County,","          State,","          Zip,","          Region,","          DateofBirthCalculatedAgeBand,","          DateofJoiningCalculatedAgeBand,","          SourceFilename = {__raw_filename}","     )) ~> sinkWithoutConfidential","allowUpsert sink(allowSchemaDrift: true,","     validateSchema: false,","     format: 'delta',","     compressionType: 'snappy',","     compressionLevel: 'Optimal',","     fileSystem: 'publish',","     folderPath: 'employees_gold_confidential',","     mergeSchema: true,","     autoCompact: true,","     optimizedWrite: true,","     vacuum: 30,","     deletable: false,","     insertable: false,","     updateable: false,","     upsertable: true,","     keys:['EmpID'],","     umask: 0771,","     preCommands: [],","     postCommands: [],","     skipDuplicateMapInputs: true,","     skipDuplicateMapOutputs: true,","     mapColumn(","          each(match(name!='rowNumberByEmpId'&&name!='CountAll'&&name!='RateDateofBirthNull'),","               iif($$=='__raw_filename','SourceFilename',$$) = $$)","     )) ~> sinkWithConfidential"]}},"dependsOn":[]},{"name":"[concat(parameters('factoryName'), '/default')]","type":"Microsoft.DataFactory/factories/managedVirtualNetworks","apiVersion":"2018-06-01","properties":{},"dependsOn":[]}]}